-- MySQL dump 10.13  Distrib 9.2.0, for Win64 (x86_64)
--
-- Host: localhost    Database: order_management_system
-- ------------------------------------------------------
-- Server version	9.2.0

/*!40101 SET @OLD_CHARACTER_SET_CLIENT=@@CHARACTER_SET_CLIENT */;
/*!40101 SET @OLD_CHARACTER_SET_RESULTS=@@CHARACTER_SET_RESULTS */;
/*!40101 SET @OLD_COLLATION_CONNECTION=@@COLLATION_CONNECTION */;
/*!50503 SET NAMES utf8mb4 */;
/*!40103 SET @OLD_TIME_ZONE=@@TIME_ZONE */;
/*!40103 SET TIME_ZONE='+00:00' */;
/*!40014 SET @OLD_UNIQUE_CHECKS=@@UNIQUE_CHECKS, UNIQUE_CHECKS=0 */;
/*!40014 SET @OLD_FOREIGN_KEY_CHECKS=@@FOREIGN_KEY_CHECKS, FOREIGN_KEY_CHECKS=0 */;
/*!40101 SET @OLD_SQL_MODE=@@SQL_MODE, SQL_MODE='NO_AUTO_VALUE_ON_ZERO' */;
/*!40111 SET @OLD_SQL_NOTES=@@SQL_NOTES, SQL_NOTES=0 */;

--
-- Table structure for table `orders`
--

DROP TABLE IF EXISTS `orders`;
/*!40101 SET @saved_cs_client     = @@character_set_client */;
/*!50503 SET character_set_client = utf8mb4 */;
CREATE TABLE `orders` (
  `order_id` int NOT NULL AUTO_INCREMENT,
  `user_id` int DEFAULT NULL,
  `product_id` int DEFAULT NULL,
  `order_date` date DEFAULT NULL,
  PRIMARY KEY (`order_id`),
  KEY `user_id` (`user_id`),
  KEY `product_id` (`product_id`),
  CONSTRAINT `orders_ibfk_1` FOREIGN KEY (`user_id`) REFERENCES `users` (`user_id`),
  CONSTRAINT `orders_ibfk_2` FOREIGN KEY (`product_id`) REFERENCES `products` (`product_id`)
) ENGINE=InnoDB AUTO_INCREMENT=7 DEFAULT CHARSET=utf8mb4 COLLATE=utf8mb4_0900_ai_ci;
/*!40101 SET character_set_client = @saved_cs_client */;

--
-- Dumping data for table `orders`
--

LOCK TABLES `orders` WRITE;
/*!40000 ALTER TABLE `orders` DISABLE KEYS */;
INSERT INTO `orders` VALUES (1,2,1,'2024-03-01'),(2,2,4,'2024-03-05'),(3,3,2,'2024-03-10'),(4,3,5,'2024-03-15'),(5,2,3,'2024-03-20'),(6,3,6,'2024-03-25');
/*!40000 ALTER TABLE `orders` ENABLE KEYS */;
UNLOCK TABLES;

--
-- Table structure for table `products`
--

DROP TABLE IF EXISTS `products`;
/*!40101 SET @saved_cs_client     = @@character_set_client */;
/*!50503 SET character_set_client = utf8mb4 */;
CREATE TABLE `products` (
  `product_id` int NOT NULL,
  `product_name` varchar(100) NOT NULL,
  `description` text,
  `price` double NOT NULL,
  `quantity_in_stock` int NOT NULL,
  `type` varchar(20) NOT NULL,
  `size` varchar(10) DEFAULT NULL,
  `color` varchar(20) DEFAULT NULL,
  `brand` varchar(50) DEFAULT NULL,
  `warranty_period` int DEFAULT NULL,
  PRIMARY KEY (`product_id`)
) ENGINE=InnoDB DEFAULT CHARSET=utf8mb4 COLLATE=utf8mb4_0900_ai_ci;
/*!40101 SET character_set_client = @saved_cs_client */;

--
-- Dumping data for table `products`
--

LOCK TABLES `products` WRITE;
/*!40000 ALTER TABLE `products` DISABLE KEYS */;
INSERT INTO `products` VALUES (1,'Madurai Silk Saree','Traditional silk saree from Madurai',2500,10,'Clothing','M','Red',NULL,NULL),(2,'Kancheepuram Silk','Premium silk from Kancheepuram',5000,5,'Clothing','L','Gold',NULL,NULL),(3,'Coimbatore Cotton Shirt','Pure cotton shirt from Coimbatore',1200,15,'Clothing','XL','Blue',NULL,NULL),(4,'Bangalore Smart TV','Smart TV manufactured in Bangalore',35000,8,'Electronics',NULL,NULL,'Samsung',12),(5,'Chennai Laptop','Laptop assembled in Chennai',45000,6,'Electronics',NULL,NULL,'Dell',24),(6,'Hyderabad Smartphone','Smartphone from Hyderabad',15000,12,'Electronics',NULL,NULL,'OnePlus',12),(7,'Pulsar bike','super bike',90000,10,'Electronics',NULL,NULL,'Bajaj',36),(8,'shirt','cottan shirt',200,50,'Clothing','M','White',NULL,NULL),(9,'modam','wifi module',2000,30,'Electronics',NULL,NULL,'Sony',6),(10,'kurta','cotton wear',1000,100,'Clothing','L','Black',NULL,NULL),(11,'laptop','ASUS Rog',100000,10,'Electronics',NULL,NULL,NULL,NULL);
/*!40000 ALTER TABLE `products` ENABLE KEYS */;
UNLOCK TABLES;

--
-- Table structure for table `users`
--

DROP TABLE IF EXISTS `users`;
/*!40101 SET @saved_cs_client     = @@character_set_client */;
/*!50503 SET character_set_client = utf8mb4 */;
CREATE TABLE `users` (
  `user_id` int NOT NULL,
  `username` varchar(50) NOT NULL,
  `password` varchar(50) NOT NULL,
  `role` varchar(20) NOT NULL,
  PRIMARY KEY (`user_id`)
) ENGINE=InnoDB DEFAULT CHARSET=utf8mb4 COLLATE=utf8mb4_0900_ai_ci;
/*!40101 SET character_set_client = @saved_cs_client */;

--
-- Dumping data for table `users`
--

LOCK TABLES `users` WRITE;
/*!40000 ALTER TABLE `users` DISABLE KEYS */;
INSERT INTO `users` VALUES (1,'Rajesh Kumar','rajesh123','Admin'),(2,'Priya Menon','priya456','User'),(3,'Arun Iyer','arun789','User');
/*!40000 ALTER TABLE `users` ENABLE KEYS */;
UNLOCK TABLES;
/*!40103 SET TIME_ZONE=@OLD_TIME_ZONE */;

/*!40101 SET SQL_MODE=@OLD_SQL_MODE */;
/*!40014 SET FOREIGN_KEY_CHECKS=@OLD_FOREIGN_KEY_CHECKS */;
/*!40014 SET UNIQUE_CHECKS=@OLD_UNIQUE_CHECKS */;
/*!40101 SET CHARACTER_SET_CLIENT=@OLD_CHARACTER_SET_CLIENT */;
/*!40101 SET CHARACTER_SET_RESULTS=@OLD_CHARACTER_SET_RESULTS */;
/*!40101 SET COLLATION_CONNECTION=@OLD_COLLATION_CONNECTION */;
/*!40111 SET SQL_NOTES=@OLD_SQL_NOTES */;

-- Dump completed on 2025-04-09 15:24:13
